color,count_mean,count_ic95_lo,count_ic95_hi,hib_mean,hib_ic95_lo,hib_ic95_hi,trad_time_mean,hib_time_mean
VERMELHO,221.124,192.475,247.0,221.124,192.475,247.0,20.03768545288127,10.005578295889467
LARANJA,38.552,28.0,52.0,38.552,28.0,52.0,30.061351625637194,12.003418117643886
AMARELO,175.35,152.0,200.0,175.35,152.0,200.0,59.97357916986523,20.00879953811421
VERDE,315.186,285.0,342.0,252.298,226.0,280.0,180.1372889151546,15.420510718826458
AZUL,249.788,223.475,278.0,199.444,176.0,224.0,240.0206674320079,16.935940924114004
